restaurant_franchise_id,receipt_id,id,franchise_id,franchise_name,country,city,lat,lng,date,avg_tmpr_c,total_cost,discount,real_total_cost,items_count,order_size,most_popular_order_type
14894,2b2809ac-3e86-4bbd-92de-820f4b8f0708,128849018882,3,Spice Bazaar,US,Avalon,33.37,-118.38,2022-09-04,20.80,8.86,0.15,7.531,1,tiny,tiny
14894,33378fb2-1042-415f-9043-8cad0b2eba3a,128849018892,13,The Firehouse,US,Saint Ann,38.72,-90.41,2022-09-04,18.10,13.04,0.0,13.04,1,tiny,tiny
14894,ec17e3e6-7927-4932-ac7d-c80bd7dc9d4a,128849018882,3,Spice Bazaar,US,Avalon,33.37,-118.38,2022-09-04,20.80,24.69,0.0,24.69,1,tiny,tiny
14894,168b62c1-5f6a-440d-95cf-2a4851d10bc7,128849018892,13,The Firehouse,US,Saint Ann,38.72,-90.41,2022-09-04,18.10,29.88,0.0,29.88,1,tiny,tiny
14894,2e12920b-b721-4ff2-991a-56a7e7780a7d,128849018882,3,Spice Bazaar,US,Avalon,33.37,-118.38,2022-09-04,20.80,19.87,0.15,16.8895,1,tiny,tiny
14894,359f09a9-4ae4-4185-acf1-a23720319ec4,128849018882,3,Spice Bazaar,US,Avalon,33.37,-118.38,2022-09-04,20.80,26.14,0.0,26.14,1,tiny,tiny
14894,0ae25968-4c29-4d37-a95e-a5c03209f443,128849018892,13,The Firehouse,US,Saint Ann,38.72,-90.41,2022-09-04,18.10,13.83,0.15,11.7555,1,tiny,tiny
14894,b59c9595-d18f-4c7a-a067-6b9589121e19,128849018882,3,Spice Bazaar,US,Avalon,33.37,-118.38,2022-09-04,20.80,14.62,0.15,12.427,1,tiny,tiny
14894,7ddd2735-841d-40ed-86d7-2e6d45003005,128849018882,3,Spice Bazaar,US,Avalon,33.37,-118.38,2022-09-04,20.80,0.65,0.15,0.5525,1,tiny,tiny
14894,02002764-80c8-48f8-911e-e199052abca0,128849018892,13,The Firehouse,US,Saint Ann,38.72,-90.41,2022-09-04,18.10,6.28,0.0,6.28,1,tiny,tiny
14894,9dde531f-6844-4f8e-951e-a4e383428b4a,128849018882,3,Spice Bazaar,US,Avalon,33.37,-118.38,2022-09-04,20.80,13.67,0.0,13.67,1,tiny,tiny
48721,f315d809-2f08-4fb6-9795-1c5bf1993d72,163208757308,61,Blue Water Bistro,FR,Paris,48.88,2.34,2022-09-03,16.80,6.98,0.05,6.631,11,large,large
48721,0159d0b8-4d13-4da1-bdcd-9e0741fd09d6,163208757307,60,Big City Grill,FR,Paris,48.87,2.29,2022-09-03,17.13,13.12,0.0,13.12,9,small,large
48721,a779b827-8012-42f3-a578-421e0294d672,163208757253,6,The Daily Grind,US,Carlsbad,33.16,-117.34,2022-09-03,21.33,29.72,0.1,26.747999999999998,1,tiny,large
48721,58cb7db4-df4f-4d55-bbdf-4a1e9ee90ecd,163208757254,7,Cafe Roma,US,Sylacauga,33.22,-86.2,2022-09-03,23.18,7.24,0.15,6.154,1,tiny,large
48721,bb3c7c80-b756-4bad-8656-7ec220659ac2,163208757283,36,Blue Ocean Grill,US,Holland,42.79,-86.11,2022-09-03,19.70,22.71,0.1,20.439,1,tiny,large
48721,86573d92-9abd-4add-9703-536fc824e964,163208757307,60,Big City Grill,FR,Paris,48.87,2.29,2022-09-03,17.13,13.72,0.1,12.348,9,small,large
48721,27ff68d7-3f9c-4f08-bfac-ad8b5772797e,163208757254,7,Cafe Roma,US,Sylacauga,33.22,-86.2,2022-09-03,23.18,24.75,0.0,24.75,1,tiny,large
48721,f4838323-a299-474f-9926-430c2d59f753,163208757254,7,Cafe Roma,US,Sylacauga,33.22,-86.2,2022-09-03,23.18,5.33,0.05,5.0635,1,tiny,large
48721,d093c918-f87e-4844-a45f-0b86d4bebb58,163208757309,62,Cafe Luminoso,FR,Paris,48.89,2.35,2022-09-03,16.85,28.89,0.15,24.5565,2,small,large
48721,fc295a6c-4dd0-44fe-9680-4339c44d58e3,163208757261,14,The Gourmet Garden,US,Ruther Glen,37.93,-77.48,2022-09-03,21.60,29.88,0.05,28.386,1,tiny,large
48721,52f3cbae-9963-4460-a1da-f5afee1ff533,163208757306,59,Azalea Cafe,FR,Paris,48.87,2.29,2022-09-03,17.13,13.23,0.15,11.2455,9,small,large
48721,b4a1667d-4bef-4d7a-ac3d-126a7a3e425a,163208757254,7,Cafe Roma,US,Sylacauga,33.22,-86.2,2022-09-03,23.18,2.97,0.05,2.8215000000000003,1,tiny,large
48721,a2a06760-1ac2-4d3a-8d22-0eb302391124,163208757307,60,Big City Grill,FR,Paris,48.87,2.29,2022-09-03,17.13,8.92,0.15,7.582,9,small,large
48721,507dea03-1372-47c1-86cc-c90e18fec015,163208757261,14,The Gourmet Garden,US,Ruther Glen,37.93,-77.48,2022-09-03,21.60,28.66,0.0,28.66,1,tiny,large
48721,60214b93-393b-4d73-ad19-efbd543185a3,163208757307,60,Big City Grill,FR,Paris,48.87,2.29,2022-09-03,17.13,16.53,0.15,14.050500000000001,9,small,large
48721,e5cc77e0-9849-4a0a-bd97-f972ae8d1dac,163208757309,62,Cafe Luminoso,FR,Paris,48.89,2.35,2022-09-03,16.85,18.50,0.1,16.65,2,small,large
48721,3bb529a2-3143-40eb-912d-3212830d9fb6,163208757254,7,Cafe Roma,US,Sylacauga,33.22,-86.2,2022-09-03,23.18,9.54,0.15,8.109,1,tiny,large
48721,ecb04060-1a8b-442d-8690-60075bdbce56,163208757304,57,The Yellow Submarine,FR,Paris,48.87,2.29,2022-09-03,17.13,10.57,0.0,10.57,9,small,large
48721,80496297-037f-40e7-aa28-1d7bc89b5676,163208757306,59,Azalea Cafe,FR,Paris,48.87,2.29,2022-09-03,17.13,10.41,0.15,8.8485,9,small,large
48721,8f41033a-a103-464e-881e-12bd87483609,163208757306,59,Azalea Cafe,FR,Paris,48.87,2.29,2022-09-03,17.13,16.94,0.15,14.399000000000001,9,small,large
48721,7c880e4c-cb69-4e14-ae36-a84d59a69bd5,163208757306,59,Azalea Cafe,FR,Paris,48.87,2.29,2022-09-03,17.13,6.71,0.0,6.71,9,small,large
48721,dadfd3a0-c5a0-402f-9f9c-4105dfa71ced,163208757306,59,Azalea Cafe,FR,Paris,48.87,2.29,2022-09-03,17.13,13.77,0.05,13.0815,9,small,large
48721,b8526b44-9f37-4023-9bee-2a3634b1d8d5,163208757309,62,Cafe Luminoso,FR,Paris,48.89,2.35,2022-09-03,16.85,25.19,0.0,25.19,2,small,large
48721,b708e968-923e-4b1a-b65a-e12bbd768d78,163208757309,62,Cafe Luminoso,FR,Paris,48.89,2.35,2022-09-03,16.85,7.16,0.05,6.8020000000000005,2,small,large
48721,81299a0a-cf2c-4e6d-bce5-2c7d0e5dc156,163208757306,59,Azalea Cafe,FR,Paris,48.87,2.29,2022-09-03,17.13,3.33,0.0,3.33,9,small,large
48721,436c3a46-dff9-4b08-acf5-2c3823ed3738,163208757283,36,Blue Ocean Grill,US,Holland,42.79,-86.11,2022-09-03,19.70,22.91,0.05,21.7645,1,tiny,large
48721,b19432d7-7ea4-4aca-85fd-3f0968285a5d,163208757307,60,Big City Grill,FR,Paris,48.87,2.29,2022-09-03,17.13,20.69,0.05,19.6555,9,small,large
48721,f1544761-520d-4aa9-ad03-fd14877403b0,163208757261,14,The Gourmet Garden,US,Ruther Glen,37.93,-77.48,2022-09-03,21.60,9.53,0.05,9.0535,1,tiny,large
48721,597f9784-6d8d-4497-be4f-531ef65de98e,163208757261,14,The Gourmet Garden,US,Ruther Glen,37.93,-77.48,2022-09-03,21.60,7.58,0.15,6.443,1,tiny,large
48721,c6fe43b4-2a9a-49d7-98e1-5cda73992cb0,163208757308,61,Blue Water Bistro,FR,Paris,48.88,2.34,2022-09-03,16.80,17.68,0.15,15.028,11,large,large
48721,78a9f3a1-b9fc-4b83-9c26-42b225bdff71,163208757261,14,The Gourmet Garden,US,Ruther Glen,37.93,-77.48,2022-09-03,21.60,7.21,0.0,7.21,1,tiny,large
48721,f63c8ed5-8062-47c2-9836-75a7427055bb,163208757283,36,Blue Ocean Grill,US,Holland,42.79,-86.11,2022-09-03,19.70,16.80,0.0,16.8,1,tiny,large
48721,d16f169d-1a4e-4af1-97bd-b49b394c1d26,163208757306,59,Azalea Cafe,FR,Paris,48.87,2.29,2022-09-03,17.13,9.64,0.15,8.194,9,small,large
48721,369cebcd-49e1-4b7c-8723-30f63765ee84,163208757309,62,Cafe Luminoso,FR,Paris,48.89,2.35,2022-09-03,16.85,13.92,0.1,12.528,2,small,large
48721,5df6321c-37e6-4520-b898-357074c16a68,163208757308,61,Blue Water Bistro,FR,Paris,48.88,2.34,2022-09-03,16.80,20.78,0.05,19.741,11,large,large
48721,ef3ff7b1-a22c-41ed-a1b1-7162ebb3439d,163208757283,36,Blue Ocean Grill,US,Holland,42.79,-86.11,2022-09-03,19.70,8.11,0.0,8.11,1,tiny,large
48721,5d9807ff-0220-4057-b18a-a9b0c203cbae,163208757307,60,Big City Grill,FR,Paris,48.87,2.29,2022-09-03,17.13,14.29,0.0,14.29,9,small,large
48721,09b3cfca-a33f-4aef-82a1-a064932db142,163208757304,57,The Yellow Submarine,FR,Paris,48.87,2.29,2022-09-03,17.13,13.51,0.0,13.51,9,small,large
48721,63ec35be-e4cf-4686-9919-9e6889a54571,163208757307,60,Big City Grill,FR,Paris,48.87,2.29,2022-09-03,17.13,15.46,0.0,15.46,9,small,large
48721,582bdd4b-dea2-42e7-9d4b-e8c0915c03ff,163208757304,57,The Yellow Submarine,FR,Paris,48.87,2.29,2022-09-03,17.13,5.54,0.0,5.54,9,small,large
48721,b6e30d22-52fb-4ade-a778-b8dd506808b7,163208757307,60,Big City Grill,FR,Paris,48.87,2.29,2022-09-03,17.13,28.17,0.0,28.17,9,small,large
48721,d254e89f-2565-42f5-9ea5-9e3729789bd8,163208757308,61,Blue Water Bistro,FR,Paris,48.88,2.34,2022-09-03,16.80,11.68,0.05,11.096,11,large,large
48721,ae1cdb33-a4f8-44f5-9763-54094d4ed848,163208757308,61,Blue Water Bistro,FR,Paris,48.88,2.34,2022-09-03,16.80,2.37,0.0,2.37,11,large,large
58574,d6c613e4-e34b-491e-b035-c4605b25a603,231928233993,10,The Golden Spoon,US,St. Robert,37.82,-92.14,2022-08-31,19.33,5.73,0.0,5.73,1,tiny,small
58574,07822e4e-2f0b-4b4b-8c68-3339abc2fb3d,231928234007,24,The Fisherman's Catch,US,Canyonville,42.94,-123.29,2022-08-31,24.24,8.44,0.05,8.017999999999999,2,small,small
58574,9d307018-3ac2-4b63-b28d-a970f6b8996d,231928233993,10,The Golden Spoon,US,St. Robert,37.82,-92.14,2022-08-31,19.33,23.28,0.15,19.788,1,tiny,small
58574,0b6b404b-f390-4ad7-8cce-d85bb07e29ff,231928233993,10,The Golden Spoon,US,St. Robert,37.82,-92.14,2022-08-31,19.33,4.38,0.1,3.9419999999999997,1,tiny,small
62927,1f60a60a-86f1-4477-b496-84cabd3ef5dc,249108103227,60,Big City Grill,FR,Paris,48.88,2.34,2022-09-03,16.80,0.24,0.0,0.24,11,large,large
62927,361de109-3574-4ab5-a1dc-364f376340cb,249108103227,60,Big City Grill,FR,Paris,48.88,2.34,2022-09-03,16.80,28.32,0.15,24.072,11,large,large
62927,1f497741-dfba-49d2-b1a1-e43e33c90e90,249108103208,41,The Daily Bread,US,Greenbush,44.53,-83.32,2022-09-03,17.61,15.18,0.05,14.421,1,tiny,large
62927,93efc8ec-4034-4baf-8051-c64a88286da2,249108103229,62,Cafe Luminoso,FR,Paris,48.9,2.39,2022-09-03,17.01,23.30,0.0,23.3,1,tiny,large
62927,651e8b2d-2dca-484f-a23e-e03e1109ef5a,249108103227,60,Big City Grill,FR,Paris,48.88,2.34,2022-09-03,16.80,9.08,0.0,9.08,11,large,large
62927,c30184a9-0198-4094-b5cd-c846017798e0,249108103193,26,The Silver Spoon,US,Gretna,41.1,-96.25,2022-09-03,21.61,19.95,0.0,19.95,1,tiny,large
62927,f7b39c0d-c878-489a-a72c-485e6f58f7ac,249108103193,26,The Silver Spoon,US,Gretna,41.1,-96.25,2022-09-03,21.61,28.71,0.0,28.71,1,tiny,large
62927,64e0fca0-3d70-4892-977b-8e477d56b036,249108103229,62,Cafe Luminoso,FR,Paris,48.9,2.39,2022-09-03,17.01,21.96,0.0,21.96,1,tiny,large
62927,86016fd7-c5b4-48c3-9d8e-045edf826e53,249108103208,41,The Daily Bread,US,Greenbush,44.53,-83.32,2022-09-03,17.61,22.59,0.15,19.2015,1,tiny,large
62927,3718b0b9-ae6d-4c2e-be88-611955d1240a,249108103229,62,Cafe Luminoso,FR,Paris,48.9,2.39,2022-09-03,17.01,8.89,0.15,7.556500000000001,1,tiny,large
62927,a0cf5ff5-bce2-4581-a0d9-45fed4c26081,249108103229,62,Cafe Luminoso,FR,Paris,48.9,2.39,2022-09-03,17.01,11.03,0.0,11.03,1,tiny,large
62927,09b3d381-8a17-47ca-8125-b5f6810e703d,249108103193,26,The Silver Spoon,US,Gretna,41.1,-96.25,2022-09-03,21.61,12.07,0.0,12.07,1,tiny,large
62927,4e3d6afc-8ed2-4ae2-b0c8-c2c7e33591c2,249108103229,62,Cafe Luminoso,FR,Paris,48.9,2.39,2022-09-03,17.01,21.07,0.15,17.9095,1,tiny,large
62927,80867f8f-3c5e-460a-8449-3967d279e53f,249108103193,26,The Silver Spoon,US,Gretna,41.1,-96.25,2022-09-03,21.61,21.79,0.0,21.79,1,tiny,large
62927,4fc8d66f-8c7f-43a5-8949-a38d1f10fddf,249108103227,60,Big City Grill,FR,Paris,48.88,2.34,2022-09-03,16.80,3.00,0.0,3.0,11,large,large
62927,13ef548f-cd31-4952-9372-784d3fa331a5,249108103229,62,Cafe Luminoso,FR,Paris,48.9,2.39,2022-09-03,17.01,29.02,0.0,29.02,1,tiny,large
62927,a02777ab-57f9-4637-8991-1cd7e1f2df8d,249108103229,62,Cafe Luminoso,FR,Paris,48.9,2.39,2022-09-03,17.01,8.89,0.0,8.89,1,tiny,large
62927,50f2aab6-5173-40f5-a9c6-1dbacca4bb5a,249108103227,60,Big City Grill,FR,Paris,48.88,2.34,2022-09-03,16.80,2.53,0.1,2.2769999999999997,11,large,large
62927,a077120a-22b9-4f90-9a1f-3cdf42968b1f,249108103193,26,The Silver Spoon,US,Gretna,41.1,-96.25,2022-09-03,21.61,7.42,0.0,7.42,1,tiny,large
62927,2d32c168-7061-4bdf-ae21-898abc85b842,249108103229,62,Cafe Luminoso,FR,Paris,48.9,2.39,2022-09-03,17.01,10.04,0.0,10.04,1,tiny,large
62927,e7d062a8-4057-4166-b5c5-a762abf5ca1e,249108103193,26,The Silver Spoon,US,Gretna,41.1,-96.25,2022-09-03,21.61,0.91,0.15,0.7735000000000001,1,tiny,large
62927,fdc8db2a-0c45-496e-a0e2-f04d0f6caad0,249108103229,62,Cafe Luminoso,FR,Paris,48.9,2.39,2022-09-03,17.01,14.10,0.15,11.985,1,tiny,large
66775,1c93a768-9b3e-4b8a-8d03-e6975818793e,17179869191,8,The Green Olive,US,Columbia,34.06,-81.02,2022-08-08,22.67,14.72,0.0,14.72,1,tiny,tiny
66775,0fd32c72-eea0-4bdf-8ac5-c06cd4fed8ec,17179869191,8,The Green Olive,US,Columbia,34.06,-81.02,2022-08-08,22.67,10.62,0.05,10.088999999999999,1,tiny,tiny
66775,e0736a7d-ca06-4bd5-a654-54642cae8eb0,17179869191,8,The Green Olive,US,Columbia,34.06,-81.02,2022-08-08,22.67,14.40,0.1,12.96,1,tiny,tiny
66775,daf1b9bc-0235-4226-9bbb-def7fa495d54,17179869191,8,The Green Olive,US,Columbia,34.06,-81.02,2022-08-08,22.67,18.98,0.0,18.98,1,tiny,tiny
66775,cf4787f1-47b2-4eb8-9ba9-b1145f265954,17179869191,8,The Green Olive,US,Columbia,34.06,-81.02,2022-08-08,22.67,26.34,0.0,26.34,1,tiny,tiny
66775,ab439185-39fc-44b6-93ff-7882cdf1aeb5,17179869191,8,The Green Olive,US,Columbia,34.06,-81.02,2022-08-08,22.67,28.54,0.05,27.113,1,tiny,tiny
66775,97aa5be4-ab08-4f20-9799-97ae606cd9a8,17179869191,8,The Green Olive,US,Columbia,34.06,-81.02,2022-08-08,22.67,3.92,0.0,3.92,1,tiny,tiny
69842,de7ab7b9-090c-434a-9131-cf0b95a70b96,154618822701,46,The Italian Table,US,Longville,46.98,-94.21,2022-08-19,18.13,9.68,0.0,9.68,1,tiny,tiny
69842,3269cc5d-5f70-44e7-8248-3c9c7de296e0,154618822690,35,Basilica Bistro,US,Clare,43.83,-84.79,2022-08-19,20.78,13.56,0.05,12.882,1,tiny,tiny
69842,f653077d-4986-432e-8d19-50dc26263f25,154618822690,35,Basilica Bistro,US,Clare,43.83,-84.79,2022-08-19,20.78,25.09,0.0,25.09,1,tiny,tiny
69842,1e6ed662-27a0-4159-bb44-e96e85131a6c,154618822690,35,Basilica Bistro,US,Clare,43.83,-84.79,2022-08-19,20.78,19.34,0.15,16.439,1,tiny,tiny
69842,50ced47a-a41e-42e0-839e-f9d03cdd2f8b,154618822690,35,Basilica Bistro,US,Clare,43.83,-84.79,2022-08-19,20.78,19.22,0.15,16.337,1,tiny,tiny
69842,1b398715-9bf8-4ee7-9a04-867c97c49f89,154618822701,46,The Italian Table,US,Longville,46.98,-94.21,2022-08-19,18.13,16.84,0.05,15.998,1,tiny,tiny
69842,d5e27ff1-f88e-4a23-a174-da228c562b73,154618822690,35,Basilica Bistro,US,Clare,43.83,-84.79,2022-08-19,20.78,7.45,0.0,7.45,1,tiny,tiny
69842,7c12a773-aabf-465f-8722-8465bd55bb04,154618822672,17,The Rustic Table,US,Rockaway Beach,36.71,-93.15,2022-08-19,28.07,21.21,0.0,21.21,1,tiny,tiny
69842,f81de740-1d8d-4d6b-bcd7-c784df7b028e,154618822701,46,The Italian Table,US,Longville,46.98,-94.21,2022-08-19,18.13,14.69,0.0,14.69,1,tiny,tiny
69842,0dc558eb-419e-4ccc-86e4-f95f737fdee9,154618822701,46,The Italian Table,US,Longville,46.98,-94.21,2022-08-19,18.13,26.70,0.1,24.03,1,tiny,tiny
69842,d4ff97ab-a638-4691-842b-b82c8b57b8f6,154618822701,46,The Italian Table,US,Longville,46.98,-94.21,2022-08-19,18.13,12.87,0.0,12.87,1,tiny,tiny
70700,1925eef6-71ec-4067-a89f-70bb9779ebd4,266287972358,7,Cafe Roma,US,Birmingham,33.53,-86.72,2022-08-31,22.35,2.90,0.05,2.755,1,tiny,tiny
70700,d981214f-8adc-41bf-b6ef-d59ddadae042,266287972358,7,Cafe Roma,US,Birmingham,33.53,-86.72,2022-08-31,22.35,2.53,0.0,2.53,1,tiny,tiny
70700,fc32781f-0b8e-4dbe-ab8b-9036db30c562,266287972360,9,The Grill House,US,Sallisaw,35.45,-94.81,2022-08-31,24.43,24.09,0.15,20.4765,1,tiny,tiny
70700,f2980052-1980-4244-8b91-9a9612e580dc,266287972360,9,The Grill House,US,Sallisaw,35.45,-94.81,2022-08-31,24.43,26.20,0.15,22.27,1,tiny,tiny
70700,8bc595b6-dc1b-4a7b-ad63-1598bf99a244,266287972358,7,Cafe Roma,US,Birmingham,33.53,-86.72,2022-08-31,22.35,21.23,0.15,18.0455,1,tiny,tiny
70700,1e810bdd-f337-41ba-9a11-d6d6308b1fa9,266287972366,15,The Pearl Kitchen,US,Springfield,39.9,-83.82,2022-08-31,13.52,16.32,0.05,15.504,1,tiny,tiny
70700,83c1f415-7586-4759-97a4-df36ad8320c2,266287972360,9,The Grill House,US,Sallisaw,35.45,-94.81,2022-08-31,24.43,7.40,0.1,6.66,1,tiny,tiny
70700,60264dd4-bf72-4d43-909d-60e88012ce80,266287972358,7,Cafe Roma,US,Birmingham,33.53,-86.72,2022-08-31,22.35,29.51,0.1,26.559,1,tiny,tiny
70700,45544ef1-c2b1-4db0-a13a-5d21237c6a02,266287972366,15,The Pearl Kitchen,US,Springfield,39.9,-83.82,2022-08-31,13.52,1.79,0.0,1.79,1,tiny,tiny
70700,fd9fb48e-12a9-4012-bba6-421eeb984f8b,266287972360,9,The Grill House,US,Sallisaw,35.45,-94.81,2022-08-31,24.43,13.32,0.05,12.654,1,tiny,tiny
70700,2d000442-c9ab-4b66-806d-60afb2b45992,266287972358,7,Cafe Roma,US,Birmingham,33.53,-86.72,2022-08-31,22.35,21.18,0.15,18.003,1,tiny,tiny
70700,85151d48-f8cc-4cac-a686-6cab1e5e016d,266287972358,7,Cafe Roma,US,Birmingham,33.53,-86.72,2022-08-31,22.35,21.82,0.0,21.82,1,tiny,tiny
70700,f340df0f-3406-470d-9d69-63d566b29c1a,266287972366,15,The Pearl Kitchen,US,Springfield,39.9,-83.82,2022-08-31,13.52,20.85,0.0,20.85,1,tiny,tiny
70700,786452bd-185f-4710-8541-b7c085a5d719,266287972366,15,The Pearl Kitchen,US,Springfield,39.9,-83.82,2022-08-31,13.52,10.05,0.15,8.5425,1,tiny,tiny
70700,f1c618e4-42db-4dee-81f9-d26f1a40d55d,266287972360,9,The Grill House,US,Sallisaw,35.45,-94.81,2022-08-31,24.43,0.12,0.05,0.11399999999999999,1,tiny,tiny
70700,4b2ce68d-2c4d-4fc5-ae74-691595d2f8b0,266287972358,7,Cafe Roma,US,Birmingham,33.53,-86.72,2022-08-31,22.35,4.43,0.0,4.43,1,tiny,tiny
70700,ead3e88f-a87f-45a7-af29-1a01ed846e10,266287972358,7,Cafe Roma,US,Birmingham,33.53,-86.72,2022-08-31,22.35,3.56,0.0,3.56,1,tiny,tiny
70700,882e2b93-08d0-47b2-8823-0f3f1d396fc1,266287972366,15,The Pearl Kitchen,US,Springfield,39.9,-83.82,2022-08-31,13.52,5.02,0.0,5.02,1,tiny,tiny
70700,52615041-33ee-4602-8a98-fa6ada2de94b,266287972358,7,Cafe Roma,US,Birmingham,33.53,-86.72,2022-08-31,22.35,3.74,0.0,3.74,1,tiny,tiny
73942,fdb90676-658d-4185-a1b0-96b9265e7a55,240518168647,72,Flamingo Cafe,GB,London,51.56,-0.29,2022-09-02,13.92,24.97,0.05,23.7215,2,small,large
73942,e9a48cd6-b04d-496f-8417-0720b1aacc45,240518168644,69,Dragonfly Cafe,GB,London,51.51,-0.18,2022-09-02,14.32,26.39,0.05,25.0705,9,small,large
73942,f5d661dc-ef9b-44e3-b53f-d629659bacbd,240518168620,45,The Green Bean,IT,Milan,45.44,9.14,2022-09-02,18.20,2.10,0.0,2.1,1,tiny,large
73942,05effa54-7ee5-46e8-a3a8-3ccc1f8ece1c,240518168643,68,Delish Cafe,GB,London,51.51,-0.18,2022-09-02,14.32,29.35,0.05,27.8825,9,small,large
73942,e6da93da-f83b-42ad-87a3-a7ce53c7de4c,240518168643,68,Delish Cafe,GB,London,51.51,-0.18,2022-09-02,14.32,8.32,0.0,8.32,9,small,large
73942,f95649ed-017a-4cf6-b531-fd32de2b33c7,240518168647,72,Flamingo Cafe,GB,London,51.56,-0.29,2022-09-02,13.92,7.29,0.0,7.29,2,small,large
73942,1be43cad-6540-485b-92a4-0310c77beb15,240518168644,69,Dragonfly Cafe,GB,London,51.51,-0.18,2022-09-02,14.32,8.29,0.15,7.046499999999999,9,small,large
73942,7157edf1-2eda-4da3-9248-aa5fce1e715b,240518168647,72,Flamingo Cafe,GB,London,51.56,-0.29,2022-09-02,13.92,14.38,0.0,14.38,2,small,large
73942,2c364e87-9837-4f22-9ca2-fbb33d14b86f,240518168620,45,The Green Bean,IT,Milan,45.44,9.14,2022-09-02,18.20,20.92,0.05,19.874000000000002,1,tiny,large
73942,11409ae3-fcbf-480d-828c-6d6cc523ca52,240518168644,69,Dragonfly Cafe,GB,London,51.51,-0.18,2022-09-02,14.32,2.57,0.0,2.57,9,small,large
73942,24e584ad-9cde-4b39-a06c-ce2b0cdef245,240518168643,68,Delish Cafe,GB,London,51.51,-0.18,2022-09-02,14.32,10.09,0.0,10.09,9,small,large
73942,5506e247-dd07-4688-b024-2f2a092f7cf9,240518168643,68,Delish Cafe,GB,London,51.51,-0.18,2022-09-02,14.32,1.64,0.0,1.64,9,small,large
73942,5d8ab11f-e6f9-42bd-b4eb-c86c9c18cf8f,240518168642,67,Crimson and Clover,GB,London,51.51,-0.15,2022-09-02,14.20,23.41,0.1,21.069,16,large,large
73942,85a34b40-95d0-42af-9a1d-1f1ee3cc1609,240518168643,68,Delish Cafe,GB,London,51.51,-0.18,2022-09-02,14.32,23.77,0.15,20.2045,9,small,large
73942,3d848afd-b5a1-4c05-8c1a-80aaaf988c83,240518168644,69,Dragonfly Cafe,GB,London,51.51,-0.18,2022-09-02,14.32,14.53,0.05,13.8035,9,small,large
73942,318a3330-6476-46ad-aa42-c44fc461de47,240518168644,69,Dragonfly Cafe,GB,London,51.51,-0.18,2022-09-02,14.32,23.19,0.0,23.19,9,small,large
73942,d6812ef1-7f61-49c8-bbc1-0dc7997cc3ea,240518168591,16,The Spice Tree,US,Stockton,37.94,-121.3,2022-09-02,31.70,2.95,0.15,2.5075000000000003,1,tiny,large
73942,5c8b94ee-5c48-4e71-bae9-02064939ec51,240518168620,45,The Green Bean,IT,Milan,45.44,9.14,2022-09-02,18.20,0.03,0.05,0.028499999999999998,1,tiny,large
73942,ec40dcf8-cd20-4e2b-ba70-ba5b5a4c4f9f,240518168644,69,Dragonfly Cafe,GB,London,51.51,-0.18,2022-09-02,14.32,7.73,0.0,7.73,9,small,large
73942,1738bbda-c964-46d0-8de1-d667c3b58043,240518168647,72,Flamingo Cafe,GB,London,51.56,-0.29,2022-09-02,13.92,2.63,0.15,2.2355,2,small,large
73942,03f1df38-1003-4d4e-84d8-afb516c20b02,240518168642,67,Crimson and Clover,GB,London,51.51,-0.15,2022-09-02,14.20,21.91,0.05,20.8145,16,large,large
73942,8010baed-2b2a-46e8-8753-f2267ace3ede,240518168647,72,Flamingo Cafe,GB,London,51.56,-0.29,2022-09-02,13.92,7.11,0.0,7.11,2,small,large
73942,174bfd35-fe00-4e4c-b5a4-e2b368fa89b5,240518168642,67,Crimson and Clover,GB,London,51.51,-0.15,2022-09-02,14.20,2.66,0.15,2.261,16,large,large
73942,f4352b66-25d9-4677-811c-51ad940db875,240518168591,16,The Spice Tree,US,Stockton,37.94,-121.3,2022-09-02,31.70,6.51,0.15,5.5335,1,tiny,large
73942,60ab0aca-964d-47df-a532-0abfcfd19c69,240518168647,72,Flamingo Cafe,GB,London,51.56,-0.29,2022-09-02,13.92,22.91,0.0,22.91,2,small,large
73942,ab951341-9e01-4681-91d0-d251787a6cdc,240518168620,45,The Green Bean,IT,Milan,45.44,9.14,2022-09-02,18.20,1.66,0.0,1.66,1,tiny,large
73942,bee92429-2acb-4a95-a7e3-e3c51414e427,240518168642,67,Crimson and Clover,GB,London,51.51,-0.15,2022-09-02,14.20,8.31,0.15,7.0635,16,large,large
73942,26f5133b-369d-4390-8f1f-80b9d15a325a,240518168644,69,Dragonfly Cafe,GB,London,51.51,-0.18,2022-09-02,14.32,11.48,0.15,9.758000000000001,9,small,large
73942,ce38e3dc-a016-4a18-bc75-176b18cf47da,240518168643,68,Delish Cafe,GB,London,51.51,-0.18,2022-09-02,14.32,3.14,0.05,2.983,9,small,large
73942,38176498-6a72-48c6-82f1-d67a2543b3c6,240518168647,72,Flamingo Cafe,GB,London,51.56,-0.29,2022-09-02,13.92,3.07,0.15,2.6094999999999997,2,small,large
73942,053b864b-619b-4f6e-920f-e1414239ec5a,240518168643,68,Delish Cafe,GB,London,51.51,-0.18,2022-09-02,14.32,23.14,0.0,23.14,9,small,large
73942,c058e60a-eed6-4f17-8ceb-aadd8e72c9e0,240518168591,16,The Spice Tree,US,Stockton,37.94,-121.3,2022-09-02,31.70,9.16,0.05,8.702,1,tiny,large
73942,4292ce36-cc8f-46f1-9971-c6362b42bcfd,240518168578,3,Spice Bazaar,US,Houston,29.75,-95.36,2022-09-02,27.67,3.98,0.0,3.98,2,small,large
73942,2f9c7452-5c88-4585-adba-411f9e2fd994,240518168620,45,The Green Bean,IT,Milan,45.44,9.14,2022-09-02,18.20,17.63,0.15,14.985499999999998,1,tiny,large
73942,b91fa1fb-2039-4d63-bd1c-def012729a84,240518168620,45,The Green Bean,IT,Milan,45.44,9.14,2022-09-02,18.20,1.30,0.15,1.105,1,tiny,large
73942,45e0a59b-70ed-435a-99e5-511e91e816e0,240518168578,3,Spice Bazaar,US,Houston,29.75,-95.36,2022-09-02,27.67,1.36,0.05,1.292,2,small,large
73942,b50f4e07-33ac-440a-a619-941fd580363e,240518168578,3,Spice Bazaar,US,Houston,29.75,-95.36,2022-09-02,27.67,11.62,0.0,11.62,2,small,large
73942,5b47d6b9-25ee-46d6-89c8-b9a9f8b19282,240518168578,3,Spice Bazaar,US,Houston,29.75,-95.36,2022-09-02,27.67,3.06,0.15,2.601,2,small,large
73942,e8619c0f-309d-4892-af8e-a03ff76590cf,240518168643,68,Delish Cafe,GB,London,51.51,-0.18,2022-09-02,14.32,20.95,0.0,20.95,9,small,large
73942,f8483a8a-c89e-4e83-bf60-88c1bd9b9ff5,240518168591,16,The Spice Tree,US,Stockton,37.94,-121.3,2022-09-02,31.70,19.91,0.05,18.9145,1,tiny,large
76199,fd7ac9c5-0776-48fd-8e8e-5adba5d527d0,206158430255,48,The Local Cafe,US,Walker,47.09,-94.57,2022-08-30,14.97,0.16,0.0,0.16,1,tiny,large
76199,4064dc72-ad42-4836-986e-c495482355e1,206158430250,43,The Food House,IT,Milan,45.48,9.21,2022-08-30,23.74,16.51,0.05,15.684500000000002,8,small,large
76199,4b7e0423-d819-45b7-bc75-6adcc2cacafa,206158430294,87,The Red Hen,NL,Amsterdam,52.36,4.88,2022-08-30,14.31,3.86,0.05,3.667,9,small,large
76199,2a3a4e12-4506-4db0-9ee1-bb64f48e056e,206158430248,41,The Daily Bread,IT,Milan,45.45,9.18,2022-08-30,23.31,9.57,0.0,9.57,2,small,large
76199,6163ed88-906d-4ee5-b234-2d9cc0ea0f7d,206158430248,41,The Daily Bread,IT,Milan,45.45,9.18,2022-08-30,23.31,22.19,0.1,19.971,2,small,large
76199,d07c2dcf-bc06-4faf-b4a0-08912bcc808d,206158430248,41,The Daily Bread,IT,Milan,45.45,9.18,2022-08-30,23.31,13.06,0.15,11.101,2,small,large
76199,80b0b7c1-6997-4eae-85e8-dfb38441ded1,206158430251,44,The French Kitchen,IT,Milan,45.48,9.2,2022-08-30,23.34,7.81,0.0,7.81,16,large,large
76199,58dae745-5552-427d-ad73-390ab4f328cd,206158430247,40,Crimson Cafe,US,Lithia Springs,45.43,12.35,2022-08-30,24.04,1.74,0.15,1.479,1,tiny,large
76199,b1e66181-9d66-439c-9458-543683ce907a,206158430255,48,The Local Cafe,US,Walker,47.09,-94.57,2022-08-30,14.97,17.29,0.05,16.4255,1,tiny,large
76199,018a6135-1d80-4893-9963-a3222e878afa,206158430247,40,Crimson Cafe,US,Lithia Springs,45.43,12.35,2022-08-30,24.04,13.14,0.05,12.483,1,tiny,large
76199,3c64e64f-1330-48dd-bb00-d71827ab952a,206158430248,41,The Daily Bread,IT,Milan,45.45,9.18,2022-08-30,23.31,3.16,0.15,2.686,2,small,large
76199,4b6b2dad-b785-44e4-8c28-5c3594798803,206158430255,48,The Local Cafe,US,Walker,47.09,-94.57,2022-08-30,14.97,28.27,0.0,28.27,1,tiny,large
76199,a5f52aef-e039-4761-a864-ca782614bb31,206158430247,40,Crimson Cafe,US,Lithia Springs,45.43,12.35,2022-08-30,24.04,4.01,0.0,4.01,1,tiny,large
76199,7308abd1-2e71-4355-b59a-ac2249144076,206158430247,40,Crimson Cafe,US,Lithia Springs,45.43,12.35,2022-08-30,24.04,0.03,0.05,0.028499999999999998,1,tiny,large
76199,8cee5a84-387d-4bfe-876f-24c8e3ad1e10,206158430250,43,The Food House,IT,Milan,45.48,9.21,2022-08-30,23.74,27.19,0.0,27.19,8,small,large
76199,f1c18a26-43bd-4e2d-a8cd-630e6703bd8d,206158430251,44,The French Kitchen,IT,Milan,45.48,9.2,2022-08-30,23.34,2.15,0.15,1.8275,16,large,large
76199,88ed644a-8f36-49aa-959e-36805cb7dda5,206158430250,43,The Food House,IT,Milan,45.48,9.21,2022-08-30,23.74,10.33,0.15,8.7805,8,small,large
76199,5a73b1a6-768b-4a10-ae2c-73bf2d228d4d,206158430247,40,Crimson Cafe,US,Lithia Springs,45.43,12.35,2022-08-30,24.04,15.78,0.15,13.413,1,tiny,large
76199,9a2dc866-670c-4bd3-8871-65cdd8332759,206158430294,87,The Red Hen,NL,Amsterdam,52.36,4.88,2022-08-30,14.31,23.10,0.05,21.945,9,small,large
76199,66833b8d-2527-4783-83e6-c5a720383557,206158430294,87,The Red Hen,NL,Amsterdam,52.36,4.88,2022-08-30,14.31,1.96,0.05,1.8619999999999999,9,small,large
76199,47bd9795-6325-4edc-95be-944cc753657c,206158430250,43,The Food House,IT,Milan,45.48,9.21,2022-08-30,23.74,27.36,0.15,23.256,8,small,large
76199,fac4bc75-0904-471d-bb0f-cb0ac6a88afa,206158430250,43,The Food House,IT,Milan,45.48,9.21,2022-08-30,23.74,29.53,0.15,25.1005,8,small,large
76199,d150c1da-c335-42fd-a4c1-0fe366a02ff5,206158430247,40,Crimson Cafe,US,Lithia Springs,45.43,12.35,2022-08-30,24.04,28.81,0.0,28.81,1,tiny,large
76199,76a10c98-3895-4eb4-aba1-a2adb5c16a69,206158430248,41,The Daily Bread,IT,Milan,45.45,9.18,2022-08-30,23.31,27.03,0.05,25.6785,2,small,large
76199,4067fd43-f512-4d3e-a0ed-27b09e1a7ce5,206158430248,41,The Daily Bread,IT,Milan,45.45,9.18,2022-08-30,23.31,0.16,0.15,0.136,2,small,large
76199,81f9592e-2893-41a1-9fe1-6e9f5a560581,206158430248,41,The Daily Bread,IT,Milan,45.45,9.18,2022-08-30,23.31,14.11,0.0,14.11,2,small,large
76199,c3f34fae-8fc4-4646-80ab-30568071171b,206158430251,44,The French Kitchen,IT,Milan,45.48,9.2,2022-08-30,23.34,21.16,0.1,19.044,16,large,large
76199,f9336aaf-4a8e-4ca6-a636-58656727bd25,206158430250,43,The Food House,IT,Milan,45.48,9.21,2022-08-30,23.74,23.89,0.15,20.3065,8,small,large
76199,fe29d851-2872-43f8-b4c2-3fc434709fbb,206158430247,40,Crimson Cafe,US,Lithia Springs,45.43,12.35,2022-08-30,24.04,1.10,0.05,1.0450000000000002,1,tiny,large
76199,05a4154c-8db9-44ab-80ff-c8c01bebff22,206158430248,41,The Daily Bread,IT,Milan,45.45,9.18,2022-08-30,23.31,19.97,0.15,16.9745,2,small,large
95123,3a5464d8-ec26-47dd-976d-2cb2d15d5db3,25769803830,55,The Steak House,FR,Paris,48.87,2.32,2022-09-28,17.92,8.44,0.0,8.44,17,large,large
95123,2027fd42-8e57-4bbb-b612-de6b7d9f5054,25769803826,51,The Pizzeria,FR,Paris,48.86,2.36,2022-09-28,18.77,8.78,0.15,7.462999999999999,4,small,large
95123,3e8b849f-3896-4ac9-9a41-4d2181f53f82,25769803807,32,The Orange Peeler,US,Southfield,42.47,-83.24,2022-09-28,14.87,19.86,0.15,16.881,1,tiny,large
95123,15bc3103-542d-4032-8f24-422914b93a43,25769803827,52,The Red Door,FR,Paris,48.86,2.33,2022-09-28,18.36,13.28,0.0,13.28,13,large,large
95123,ece5dc52-9b54-4d3e-8eca-85502411d08b,25769803829,54,The Spice House,FR,Paris,48.87,2.33,2022-09-28,17.84,12.11,0.0,12.11,41,large,large
95123,0f9576e0-7816-44e8-9946-2ff17994bcff,25769803828,53,The Red Rooster,FR,Paris,48.87,2.3,2022-09-28,17.44,16.08,0.0,16.08,33,large,large
95123,a768a3a8-03b7-4df1-9d6d-592d5c9b7fe6,25769803828,53,The Red Rooster,FR,Paris,48.87,2.3,2022-09-28,17.44,2.72,0.0,2.72,33,large,large
95123,06232046-e048-45b5-b657-505b0c586f19,25769803832,57,The Yellow Submarine,FR,Paris,48.88,2.29,2022-09-28,18.22,23.07,0.15,19.6095,15,large,large
95123,0d918add-5689-46d3-b4ae-1fa438dea321,25769803830,55,The Steak House,FR,Paris,48.87,2.32,2022-09-28,17.92,29.88,0.0,29.88,17,large,large
95123,34bbc6bb-7b26-49e3-a3c3-b252e3b597e7,25769803786,11,The Flaming Wok,US,Alamosa,37.48,-105.9,2022-09-28,9.22,18.03,0.15,15.325500000000002,1,tiny,large
95123,fca3160c-888d-45b2-a3b5-d08dbb8e045b,25769803830,55,The Steak House,FR,Paris,48.87,2.32,2022-09-28,17.92,17.05,0.1,15.345,17,large,large
95123,81f84002-6353-41d4-8bd6-1803a8f1313e,25769803827,52,The Red Door,FR,Paris,48.86,2.33,2022-09-28,18.36,11.95,0.05,11.3525,13,large,large
95123,ec76f33f-2c33-43db-9edb-e812f451a1a0,25769803807,32,The Orange Peeler,US,Southfield,42.47,-83.24,2022-09-28,14.87,10.18,0.15,8.653,1,tiny,large
95123,1ad63053-07d4-42fb-a42a-9f15f16daabd,25769803828,53,The Red Rooster,FR,Paris,48.87,2.3,2022-09-28,17.44,24.13,0.05,22.923499999999997,33,large,large
95123,f3cc2175-aebb-414b-847f-16cac9645763,25769803829,54,The Spice House,FR,Paris,48.87,2.33,2022-09-28,17.84,29.27,0.0,29.27,41,large,large
95123,56a3cca8-30a5-4c36-a1c8-282e05ef7d16,25769803833,58,A Tasty Bite,FR,Paris,48.88,2.29,2022-09-28,18.22,3.29,0.05,3.1255,15,large,large
95123,a824143d-34b3-4f92-98d2-db4e9af97640,25769803807,32,The Orange Peeler,US,Southfield,42.47,-83.24,2022-09-28,14.87,4.25,0.15,3.6125,1,tiny,large
95123,6ac9e6ae-68f3-4e48-88a3-7af0abb8b3c2,25769803786,11,The Flaming Wok,US,Alamosa,37.48,-105.9,2022-09-28,9.22,16.78,0.05,15.941,1,tiny,large
95123,62e2e5d5-3d8f-4843-9087-d7d9afaaf13f,25769803830,55,The Steak House,FR,Paris,48.87,2.32,2022-09-28,17.92,12.66,0.05,12.027000000000001,17,large,large
95123,6b307b78-7766-42d1-bb6d-96ef9554b955,25769803829,54,The Spice House,FR,Paris,48.87,2.33,2022-09-28,17.84,15.32,0.05,14.554,41,large,large
95123,13effdce-9527-4355-89ca-87c88b712832,25769803830,55,The Steak House,FR,Paris,48.87,2.32,2022-09-28,17.92,20.93,0.0,20.93,17,large,large
95123,fde86de6-382d-4f45-95de-303ac2eded2c,25769803832,57,The Yellow Submarine,FR,Paris,48.88,2.29,2022-09-28,18.22,0.65,0.05,0.6175,15,large,large
95123,2d061ab0-233c-4865-a353-32412db3bac5,25769803828,53,The Red Rooster,FR,Paris,48.87,2.3,2022-09-28,17.44,12.29,0.0,12.29,33,large,large
95123,b14482b6-779b-41f4-a530-4adaf7445bc3,25769803833,58,A Tasty Bite,FR,Paris,48.88,2.29,2022-09-28,18.22,24.21,0.05,22.9995,15,large,large
95123,e1cbd24e-ada3-418d-bbf6-96c647b6cd01,25769803826,51,The Pizzeria,FR,Paris,48.86,2.36,2022-09-28,18.77,23.28,0.05,22.116,4,small,large
95123,6598335d-adfe-40de-a2f2-760b8abdf04d,25769803827,52,The Red Door,FR,Paris,48.86,2.33,2022-09-28,18.36,6.60,0.0,6.6,13,large,large
95123,f7b6d9c2-f424-46b1-853b-f916bdaed7d3,25769803829,54,The Spice House,FR,Paris,48.87,2.33,2022-09-28,17.84,5.09,0.0,5.09,41,large,large
95123,7f54a9bb-a6de-4311-aaba-c046ea42625c,25769803807,32,The Orange Peeler,US,Southfield,42.47,-83.24,2022-09-28,14.87,23.67,0.15,20.119500000000002,1,tiny,large
95123,39b11112-e220-41c7-889a-d263a12921a5,25769803830,55,The Steak House,FR,Paris,48.87,2.32,2022-09-28,17.92,21.52,0.15,18.292,17,large,large
95123,9c23546b-729b-4873-878d-227f6838520b,25769803832,57,The Yellow Submarine,FR,Paris,48.88,2.29,2022-09-28,18.22,7.87,0.1,7.083,15,large,large
95123,d762a8a3-9dd1-4067-a03e-aa37cfe606bc,25769803827,52,The Red Door,FR,Paris,48.86,2.33,2022-09-28,18.36,9.11,0.0,9.11,13,large,large
95123,617698d1-1fb2-4505-9f6f-1e426b0cc4b6,25769803827,52,The Red Door,FR,Paris,48.86,2.33,2022-09-28,18.36,29.48,0.0,29.48,13,large,large
95123,0ea0aaf9-da91-45b3-9504-71b8190fc726,25769803826,51,The Pizzeria,FR,Paris,48.86,2.36,2022-09-28,18.77,28.62,0.0,28.62,4,small,large
95123,7e5b400c-e580-4367-b570-bee637121df1,25769803833,58,A Tasty Bite,FR,Paris,48.88,2.29,2022-09-28,18.22,25.71,0.0,25.71,15,large,large
95123,803dfaf8-9002-49d0-9118-051cc6d6e00c,25769803830,55,The Steak House,FR,Paris,48.87,2.32,2022-09-28,17.92,6.19,0.0,6.19,17,large,large
95123,9571c5d1-94ff-42ea-89c5-5fbcfe4a534b,25769803832,57,The Yellow Submarine,FR,Paris,48.88,2.29,2022-09-28,18.22,20.84,0.0,20.84,15,large,large
95123,e7a82e7f-529a-40cc-aeec-3d10affc3e7d,25769803826,51,The Pizzeria,FR,Paris,48.86,2.36,2022-09-28,18.77,17.04,0.0,17.04,4,small,large
95123,62697f0c-d0a5-4fbe-b4fa-cabdf0658b4f,25769803827,52,The Red Door,FR,Paris,48.86,2.33,2022-09-28,18.36,20.19,0.0,20.19,13,large,large
95123,d8652be3-6646-4294-a618-633ebc0fbf87,25769803831,56,The Waffle House,FR,Paris,48.87,2.31,2022-09-28,17.43,29.13,0.15,24.7605,21,large,large
95123,945f9100-eabc-4b59-bd3b-86e0e8dd8b39,25769803828,53,The Red Rooster,FR,Paris,48.87,2.3,2022-09-28,17.44,10.07,0.0,10.07,33,large,large
95123,0b985e1a-63ae-4144-ac55-aa18b67d2627,25769803827,52,The Red Door,FR,Paris,48.86,2.33,2022-09-28,18.36,16.21,0.15,13.778500000000001,13,large,large
95123,102abb6d-2930-4279-8ae3-1595b5b1e6a8,25769803827,52,The Red Door,FR,Paris,48.86,2.33,2022-09-28,18.36,23.94,0.15,20.349,13,large,large
95123,c53707e8-c677-4fa3-b9f4-20762e55bf8c,25769803831,56,The Waffle House,FR,Paris,48.87,2.31,2022-09-28,17.43,6.26,0.05,5.947,21,large,large
